{
  "MASTER": {
    "n_samples": 2931,
    "class_balance": {
      "benign": 782,
      "pathogenic": 2149
    },
    "cv_mean": {
      "macro_f1": 0.7645678903326043,
      "f1_benign": 0.6579341048754596,
      "f1_pathog": 0.8712016757897493,
      "mcc": 0.5299991857689117,
      "roc_auc": 0.8462217730096562,
      "pr_auc": 0.9228538255879639,
      "bal_acc": 0.7686901810972319,
      "brier": 0.1311759014361631,
      "sensitivity": 0.8635058997849696,
      "specificity": 0.6738744624094942,
      "TP": 371.1333333333333,
      "TN": 105.4,
      "FP": 51.0,
      "FN": 58.666666666666664
    },
    "cv_std": {
      "macro_f1": 0.016433547899022106,
      "f1_benign": 0.022732538975281685,
      "f1_pathog": 0.010873201351519802,
      "mcc": 0.03253357097539663,
      "roc_auc": 0.013962988278437354,
      "pr_auc": 0.009762477700504263,
      "bal_acc": 0.015372851724809525,
      "brier": 0.007080346276856195,
      "sensitivity": 0.017966411719557526,
      "specificity": 0.0253863695513315,
      "TP": 7.658256256413003,
      "TN": 4.144072071445347,
      "FP": 3.8987177379235853,
      "FN": 7.73448267321236
    },
    "opt_metrics": {
      "macro_f1": 0.7698933793605071,
      "f1_benign": 0.6686967113276492,
      "f1_pathog": 0.8710900473933649,
      "mcc": 0.5413683105797005,
      "roc_auc": 0.8494270814118028,
      "pr_auc": 0.9246587878595973,
      "bal_acc": 0.7786637810484625,
      "brier": 0.12899158235656608,
      "sensitivity": 0.8552815262912983,
      "specificity": 0.7020460358056266,
      "TP": 1838,
      "TN": 549,
      "FP": 233,
      "FN": 311
    },
    "tau": 0.5300000000000001,
    "best_params": {
      "n_estimators": 1421,
      "learning_rate": 0.010263549903076421,
      "num_leaves": 124,
      "min_child_samples": 42,
      "subsample": 0.7159288929998384,
      "colsample_bytree": 0.5150504991785365,
      "reg_alpha": 0.00043117386798659436,
      "reg_lambda": 0.0814900605663924
    },
    "baseline": {
      "macro_f1": 0.9818151333089297,
      "f1_benign": 0.9730794484569928,
      "f1_pathog": 0.9905508181608665,
      "mcc": 0.964277154805154,
      "roc_auc": 0.9990851035216523,
      "pr_auc": 0.999346621875737,
      "bal_acc": 0.9737851662404092,
      "brier": 0.01145853638834322,
      "sensitivity": 1.0,
      "specificity": 0.9475703324808185,
      "TP": 2149,
      "TN": 741,
      "FP": 41,
      "FN": 0
    },
    "error_analysis": {
      "FP_count": 233,
      "FN_count": 311,
      "FP_avg_prob": 0.7913272881856763,
      "FN_avg_prob": 0.35024506887473755,
      "FP_EK_means": {
        "EK_1": 5.301344814605814,
        "EK_2": 4.712142517588157,
        "EK_3": 3.445764983410636,
        "EK_4": 0.9428089211579926,
        "EK_5": 0.8500987078126018,
        "EK_6": 0.9406206216037949,
        "EK_7": 6.12212995482813,
        "EK_8": 0.593436726827261,
        "EK_9": 7.911528420323322
      },
      "FN_EK_means": {
        "EK_1": 5.226009781969135,
        "EK_2": 3.139264124790095,
        "EK_3": 1.1072011558403698,
        "EK_4": 0.7408334835487148,
        "EK_5": 0.7742227852804495,
        "EK_6": 0.7467685899753269,
        "EK_7": 3.2813975480696254,
        "EK_8": 0.45101327596182966,
        "EK_9": 4.3645111747061724
      },
      "ALL_EK_means": {
        "EK_1": 5.263375543888258,
        "EK_2": 4.464253150152814,
        "EK_3": 3.0462020109412684,
        "EK_4": 0.8966469371294138,
        "EK_5": 0.8051254281992738,
        "EK_6": 0.9057641298422295,
        "EK_7": 5.94422888200795,
        "EK_8": 0.5591477462237776,
        "EK_9": 7.482126223774363
      }
    },
    "augmentation": false
  },
  "KANSER": {
    "n_samples": 388,
    "class_balance": {
      "benign": 120,
      "pathogenic": 268
    },
    "cv_mean": {
      "macro_f1": 0.8608780040747271,
      "f1_benign": 0.8099380813907793,
      "f1_pathog": 0.9118179267586749,
      "mcc": 0.7240010904212799,
      "roc_auc": 0.9185214302352667,
      "pr_auc": 0.9514985916657996,
      "bal_acc": 0.8637665967854649,
      "brier": 0.09767012079200353,
      "sensitivity": 0.9053109713487071,
      "specificity": 0.8222222222222223,
      "TP": 48.53333333333333,
      "TN": 19.733333333333334,
      "FP": 4.266666666666667,
      "FN": 5.066666666666666
    },
    "cv_std": {
      "macro_f1": 0.042791453582093075,
      "f1_benign": 0.056943188565307654,
      "f1_pathog": 0.02911882270178028,
      "mcc": 0.0852952740100678,
      "roc_auc": 0.030823730094360416,
      "pr_auc": 0.02110906250024443,
      "bal_acc": 0.0389138547978134,
      "brier": 0.024841941689208426,
      "sensitivity": 0.04436034628484761,
      "specificity": 0.05371966557170477,
      "TP": 2.5785439474418292,
      "TN": 1.2892719737209146,
      "FP": 1.2892719737209142,
      "FN": 2.3513589451397867
    },
    "opt_metrics": {
      "macro_f1": 0.8791981670565131,
      "f1_benign": 0.8296943231441049,
      "f1_pathog": 0.9287020109689214,
      "mcc": 0.7603936468396235,
      "roc_auc": 0.9243159203980099,
      "pr_auc": 0.954173844798665,
      "bal_acc": 0.8697139303482586,
      "brier": 0.09377034512067214,
      "sensitivity": 0.9477611940298507,
      "specificity": 0.7916666666666666,
      "TP": 254,
      "TN": 95,
      "FP": 25,
      "FN": 14
    },
    "tau": 0.39000000000000007,
    "best_params": {
      "n_estimators": 1999,
      "learning_rate": 0.08249916103528646,
      "num_leaves": 166,
      "min_child_samples": 54,
      "subsample": 0.6258113576535602,
      "colsample_bytree": 0.40787993820391966,
      "reg_alpha": 0.0001301283312633109,
      "reg_lambda": 1.3359695125391375
    },
    "baseline": {
      "macro_f1": 0.8515980975820667,
      "f1_benign": 0.7850467289719626,
      "f1_pathog": 0.9181494661921709,
      "mcc": 0.7148725076898647,
      "roc_auc": 0.9188432835820896,
      "pr_auc": 0.9480125226913649,
      "bal_acc": 0.8313432835820895,
      "brier": 0.11802935386492212,
      "sensitivity": 0.9626865671641791,
      "specificity": 0.7,
      "TP": 258,
      "TN": 84,
      "FP": 36,
      "FN": 10
    },
    "error_analysis": {
      "FP_count": 25,
      "FN_count": 14,
      "FP_avg_prob": 0.7318406687036034,
      "FN_avg_prob": 0.22512334723890373,
      "FP_EK_means": {
        "EK_1": 5.449780125944512,
        "EK_2": 4.516627492266845,
        "EK_3": 4.036377784690189,
        "EK_4": 0.9148836940517094,
        "EK_5": 0.8880785914610603,
        "EK_6": 0.9586699348371605,
        "EK_7": 4.9243128438678765,
        "EK_8": 0.5964506188505024,
        "EK_9": 6.744218905664188
      },
      "FN_EK_means": {
        "EK_1": 5.136565850435785,
        "EK_2": 3.308941101840411,
        "EK_3": 2.0338970300071084,
        "EK_4": 0.8341852765797187,
        "EK_5": 0.8405179529780082,
        "EK_6": 0.8105175675800548,
        "EK_7": 4.671761770594837,
        "EK_8": 0.46732045764171026,
        "EK_9": 6.028490013622325
      },
      "ALL_EK_means": {
        "EK_1": 5.428462897139869,
        "EK_2": 4.404692965211168,
        "EK_3": 3.432603389607437,
        "EK_4": 0.8586164251146705,
        "EK_5": 0.8690980497160541,
        "EK_6": 0.8812199594121318,
        "EK_7": 5.436957153531887,
        "EK_8": 0.5560529598692543,
        "EK_9": 7.351058401832962
      }
    },
    "augmentation": false
  },
  "PAH": {
    "n_samples": 372,
    "class_balance": {
      "benign": 62,
      "pathogenic": 310
    },
    "cv_mean": {
      "macro_f1": 0.7376004235658437,
      "f1_benign": 0.5540371469364603,
      "f1_pathog": 0.9211637001952264,
      "mcc": 0.48941154848145335,
      "roc_auc": 0.8111214502343534,
      "pr_auc": 0.9394063761597058,
      "bal_acc": 0.7235180590019301,
      "brier": 0.10597173938777112,
      "sensitivity": 0.9376344086021504,
      "specificity": 0.5094017094017095,
      "TP": 58.13333333333333,
      "TN": 6.333333333333333,
      "FP": 6.066666666666666,
      "FN": 3.8666666666666667
    },